Filename,SN Name,z,6150A Vel,6150A V_Err,6150A pEW,6150A pEW_Err,5800A Vel,5800A V_Err,5800A pEW,5800A pEW_Err
SN2000dn.json,SN2000dn,0.032065,11.062714140690105,0.09051908960408545,96.73980250360933,4.836990125180467,9.823963473094995,0.09594062210577925,18.097433816740917,0.9048716908370459
SN2008fr.json,SN2008fr,0.039,,,,,,,,
SN2007ux.json,SN2007ux,0.030915,10.570403863873121,0.16047780582937385,73.65359965120638,3.682679982560319,10.366023951021084,0.17063696517154123,40.554554250227355,2.0277277125113677
SN1999cp.json,SN1999cp,0.00948,14.563222114911548,0.09353961681964838,107.57728408121494,5.378864204060747,10.874533944737433,0.09840799552528812,11.35817249605007,0.5679086248025035
PS1-14ra.json,PS1-14ra,0.03,11.990959619714669,0.13335751614904218,126.46946665603167,6.3234733328015835,11.712093920498859,0.14176817621157767,33.0562966196414,1.65281483098207
SN2005el.json,SN2005el,0.014885,15.566961153346735,0.13080952948718194,82.98274110741386,4.149137055370693,,,,
SN2008fp.json,SN2008fp,0.006287,,,,,,,,
SN2009le.json,SN2009le,0.017792,,,,,,,,
SN2007af.json,SN2007af,0.005464,,,,,,,,
SN2007on.json,SN2007on,0.006494,13.08989449347766,0.13201049532911388,85.16127039825633,4.258063519912817,,,,
SN2009ds.json,SN2009ds,0.019227,,,,,,,,
SN2000cx.json,SN2000cx,0.007929,10.521722588666725,0.0864159089294506,14.512664089639541,0.7256332044819771,,,,
SN2012gm.json,SN2012gm,0.0148,11.728871247282592,0.11027152469961325,71.86782772291768,3.593391386145884,10.530429110070955,0.11689281474818328,7.722350275992415,0.3861175137996208
SN2000dr.json,SN2000dr,0.018796,10.164455946485651,0.16993682438074198,130.1356501099374,6.5067825054968695,9.448855742226854,0.18040621782921665,44.06964746555899,2.2034823732779496
SN2006hx.json,SN2006hx,0.044404,,,,,,,,
SN2009ad.json,SN2009ad,0.02834,,,,,,,,
ASASSN-14hr.json,ASASSN-14hr,0.03362,11.706809394082995,0.09876236607001897,104.24646742349671,5.212323371174836,11.259811307049462,0.10493649295010764,22.909099988370308,1.1454549994185155
SN2002er.json,SN2002er,0.008569,13.840212697372746,0.08977076181284233,87.77762173364076,4.388881086682038,13.03980657936503,0.09528205493185146,17.639737391957848,0.8819868695978924
SN2014I.json,SN2014I,0.03,,,,,,,,
SN2007le.json,SN2007le,0.006721,15.777400911442871,0.09710980696850902,144.23163733845917,7.211581866922959,,,,
SN2008gl.json,SN2008gl,0.034017,,,,,3.3645539493237204,0.12905748141398413,54.43805247897673,2.7219026239488366
SN2012hr.json,SN2012hr,0.008,13.11655093656157,0.13660405203528125,134.3281728701428,6.71640864350714,10.840124925282502,0.14433058546112246,10.161547462231043,0.5080773731115522
SN2007ol.json,SN2007ol,0.0498,,,,,,,,
SN2002dl.json,SN2002dl,0.016251,12.142557494633508,0.09270489341525694,103.87860848139132,5.193930424069567,11.63564664950052,0.0984825707359723,37.27914759790667,1.8639573798953337
LSQ12gdj.json,LSQ12gdj,0.03,,,,,,,,
ASASSN-15fr.json,ASASSN-15fr,0.033436,11.047167546547165,0.13238432942508976,90.99963484320278,4.549981742160139,9.222465007370092,0.14005641177678727,1.9624524435768234,0.09812262217884117
SN2009ab.json,SN2009ab,0.01087,,,,,14.25076794276687,0.061407661515880375,31.614175374337375,1.5807087687168688
SN2008C.json,SN2008C,0.017067,11.115856656959828,0.09476827953216622,81.73160027736384,4.0865800138681925,10.212996716262248,0.1005496251896032,13.23680406956949,0.6618402034784746
SN2003Y.json,SN2003Y,0.01694,10.761893482977218,0.09167173778255898,97.38915941215322,4.8694579706076615,11.01554826316205,0.09761365034493838,53.98900520702853,2.6994502603514263
SN2003gt.json,SN2003gt,0.015657,11.04323402888408,0.173335005825134,69.19012199669305,3.4595060998346527,10.147572856786534,0.18391318244129126,17.774015572727322,0.8887007786363661
SN2007bd.json,SN2007bd,0.031939,15.32070677322567,0.09450121450496236,102.91744532572125,5.145872266286062,13.489015525780326,0.09999245356837307,16.882744056722466,0.8441372028361234
SN2001ep.json,SN2001ep,0.013012,11.703518053471187,0.09240419377339328,101.7530246139419,5.087651230697095,10.83971274089924,0.09805430443501355,28.743499578653854,1.4371749789326929
SN2009ag.json,SN2009ag,0.00864,13.046953502011743,0.13143228979682525,102.9137392667809,5.145686963339045,11.804331302351052,0.13930997123186237,17.793329625694113,0.8896664812847057
SN2007ca.json,SN2007ca,0.014066,12.391959369637462,0.17055239825067822,61.57373688017923,3.0786868440089616,9.407835365246598,0.17979506543016424,4.509806310119554,0.22549031550597773
SN2006lf.json,SN2006lf,0.013189,12.111391453139163,0.0953165463086372,89.71313399773518,4.48565669988676,,,,
SN2011jh.json,SN2011jh,0.0078,15.5100568635735,0.12119076979923242,117.33487365945089,5.866743682972545,13.92065773231489,0.12832815553110366,28.959467916934283,1.4479733958467143
SN2002ha.json,SN2002ha,0.014046,11.270553154587986,0.0921867734693297,99.08095087781692,4.954047543890846,10.949114643762694,0.09798751812912795,22.598802205004713,1.1299401102502358
SN2008bq.json,SN2008bq,0.034436,,,,,,,,
SN2008hj.json,SN2008hj,0.03789,12.882357215777011,0.10851019312840054,96.60971172339191,4.830485586169596,12.555718847006402,0.11533751675864766,13.290604477012826,0.6645302238506413
SN2003gn.json,SN2003gn,0.03445,13.372833590589114,0.16902649217872837,135.6678893498163,6.783394467490815,11.678943419818193,0.17891053511528218,9.704464021409555,0.4852232010704778
SN2008hu.json,SN2008hu,0.05056,,,,,,,,
SN2006cp.json,SN2006cp,0.022289,16.603011144294758,0.09540200511045911,154.21383858209248,7.710691929104624,14.338488934568582,0.1008188153047332,8.333915951327466,0.4166957975663733
SN2005M.json,SN2005M,0.022972,8.557717765742039,0.09298408202982274,38.75032096699404,1.937516048349702,8.18986388018967,0.09881866169496721,5.265276313564785,0.26326381567823925
SN2003cg.json,SN2003cg,0.00413,12.321741132210262,0.06730620040129053,91.68518665171466,4.5842593325857335,9.939223224666232,0.07108686700070362,45.65337328759265,2.282668664379633
SN2002cr.json,SN2002cr,0.00948,12.418801974122049,0.09293149391965538,120.97258814510289,6.048629407255145,10.579444962681823,0.0983179892153842,20.07340667839952,1.0036703339199762
ASASSN-15hf.json,ASASSN-15hf,0.006178,11.036527029384484,0.13596622834839558,64.10480170916512,3.205240085458256,9.102516379842998,0.14379655109302011,2.189846952972717,0.10949234764863586
SN2001en.json,SN2001en,0.015871,12.916782408814273,0.09248763841193618,133.90378186952395,6.695189093476198,10.41149171039391,0.09764850458173988,9.334622376457746,0.4667311188228873
SN2002eb.json,SN2002eb,0.027536,10.183887341950557,0.17301076703614682,63.85869976630556,3.192934988315278,9.985317013182112,0.18396635207566991,8.322815763864844,0.4161407881932422
SN2014dn.json,SN2014dn,0.022189,,,,,,,,
SN2006D.json,SN2006D,0.008529,,,,,,,,
SN2012ht.json,SN2012ht,0.003559,,,,,,,,
ASASSN-14kq.json,ASASSN-14kq,0.0336,,,,,,,,
SN2005bg.json,SN2005bg,0.024159,17.3031083666115,0.1292559162219369,95.2196116064071,4.760980580320355,,,,
SN2001V.json,SN2001V,0.01502,13.714754205830452,0.09274898739297271,38.89368428025802,1.9446842140129013,,,,
SN2012hl.json,SN2012hl,0.033,13.57002038118208,0.11002014678966773,123.43905312158702,6.171952656079352,10.016613006314046,0.11578600024862937,5.323194629690564,0.2661597314845282
SN2002dj.json,SN2002dj,0.009393,17.251113574753955,0.1485188604518028,152.52436454217113,7.626218227108557,15.049110725055625,0.1569860082578436,26.04265543329836,1.302132771664918
SN2013E.json,SN2013E,0.009413,11.842308109576543,0.1590537920584997,63.27840776793232,3.1639203883966163,7.277565516746007,0.16683244707335676,6.164536606976194,0.3082268303488097
SN2009D.json,SN2009D,0.025007,18.001174991537916,0.13804522285692536,50.27651010324637,2.513825505162319,,,,
SN2002bo.json,SN2002bo,0.00424,17.37487453461088,0.10828896072378155,128.35578699997336,6.417789349998668,16.693750803223992,0.11498485663097668,27.393944640786806,1.3696972320393404
SN2007as.json,SN2007as,0.017896,18.77837650069081,0.1499812494020084,120.33246569416207,6.016623284708103,,,,
SN2002he.json,SN2002he,0.024564,13.98855577676106,0.0910271387476519,109.48848677885731,5.474424338942866,13.155216259176159,0.09660611062722751,26.358326933996256,1.317916346699813
LSQ15aja.json,LSQ15aja,0.068,,,,,,,,
SN2006le.json,SN2006le,0.017432,19.51805644693709,0.09704611965487753,102.83538745919502,5.141769372959751,,,,
SN1999dq.json,SN1999dq,0.01433,10.893787469438147,0.09205361743962627,23.516499047212648,1.1758249523606323,,,,
PS1-14xw.json,PS1-14xw,0.02448,12.779208630269807,0.1344366268423118,72.77745772549349,3.6388728862746746,,,,
SN2005de.json,SN2005de,0.015184,12.008627887842417,0.12596479916100775,99.36984196844554,4.968492098422278,10.286106966428196,0.13331226601067384,15.353621001634302,0.7676810500817152
SN2006br.json,SN2006br,0.02459,,,,,,,,
SN1999gp.json,SN1999gp,0.02675,11.241758503717367,0.0910380452865753,43.48953141373599,2.1744765706867994,7.702196272476836,0.09579622070895388,0.700278248218895,0.03501391241094475
SN2005eq.json,SN2005eq,0.028351,9.049076330361382,0.0927795865908209,26.119210732860548,1.3059605366430276,,,,
SN2009aa.json,SN2009aa,0.02731,18.282088565805385,0.13551395375235728,69.82708500404246,3.4913542502021233,,,,
SN2008cf.json,SN2008cf,0.046029,,,,,,,,
SN2008ec.json,SN2008ec,0.016317,10.507295106977958,0.17985229531779295,113.0784743399261,5.653923716996306,9.339745102890863,0.19066401192070043,23.122163462095507,1.1561081731047753
SN2012fr.json,SN2012fr,0.0054,,,,,5.082175089135352,0.15345737791710848,81.11296289091695,4.055648144545848
SN2007bc.json,SN2007bc,0.02077,10.366851698411393,0.09410004515032502,96.2192732013543,4.810963660067715,10.031623999861505,0.10001625707037913,33.34187308211963,1.6670936541059818
SN2004dt.json,SN2004dt,0.01973,,,,,4.799116445372152,0.1362503604001702,74.6349264616019,3.7317463230800954
SN2012ij.json,SN2012ij,0.010998,10.129222919931834,0.17002295557779304,116.3507148829184,5.81753574414592,9.784006768579268,0.1807066112055447,55.47170443969422,2.7735852219847112
SN2008gp.json,SN2008gp,0.032824,,,,,,,,
SN2004at.json,SN2004at,0.023131,12.194147511462177,0.09162841268584297,76.83402643507137,3.8417013217535683,11.082577109446104,0.09715754771657248,11.25849602782525,0.5629248013912626
SN2000fa.json,SN2000fa,0.02127,15.246789226684255,0.08730297064898894,105.72133242475589,5.2860666212377945,,,,
SN2007ba.json,SN2007ba,0.038513,,,,,,,,
SN2013gy.json,SN2013gy,0.014023,13.844986458219246,0.10214816508302944,106.71136448843133,5.335568224421567,11.990829437290882,0.10807004347045253,17.875286320201663,0.8937643160100832
SN2006hb.json,SN2006hb,0.015337,14.652693746855261,0.13033663509069388,121.7402007059627,6.087010035298135,14.51609133002826,0.13861854014582473,35.6020958942241,1.780104794711205
SN2008bf.json,SN2008bf,0.024027,19.6249164975986,0.13896652502131235,44.13692045504987,2.2068460227524933,,,,
SN2011iv.json,SN2011iv,0.006494,9.20755635537895,0.5590003534231291,67.23685706681363,3.3618428533406814,,,,
SN2005cf.json,SN2005cf,0.006461,15.795929920113227,0.16461181455508855,141.0144691395785,7.050723456978925,10.891399735089363,0.17254780528204458,7.54526047415164,0.377263023707582
SN2008hv.json,SN2008hv,0.013581,,,,,,,,
SN2008ia.json,SN2008ia,0.022597,,,,,,,,
SN1998dh.json,SN1998dh,0.00897,13.384693641736641,0.09325316126932162,108.44922270955752,5.422461135477876,12.598472143431461,0.09898177438283674,31.544096121057976,1.577204806052899
ASASSN-15al.json,ASASSN-15al,0.03,10.371368057497758,0.038480046860445094,76.91260630003066,3.845630315001533,11.769227750144205,0.04111946807633033,13.929865241960925,0.6964932620980463
SN2008bc.json,SN2008bc,0.015707,,,,,,,,
SN2013fy.json,SN2013fy,0.03,13.034877856858772,0.1337654261047988,63.03441569989581,3.1517207849947906,9.42355861753159,0.14074444924997814,5.423244035175566,0.2711622017587783
LSQ12fxd.json,LSQ12fxd,0.031,14.218819058572453,0.1340395242795431,67.22132293811151,3.361066146905576,,,,
SN2007S.json,SN2007S,0.01388,,,,,,,,
SN2007bm.json,SN2007bm,0.006211,12.676858498865032,0.09628765775722828,108.16974694965904,5.408487347482953,11.256776716984051,0.10200195747688146,33.26112626522982,1.663056313261491
SN2006ex.json,SN2006ex,0.1475,,,,,,,,
SN2005hc.json,SN2005hc,0.044983,,,,,5.488844271488824,0.14501148406832817,40.024255432576226,2.0012127716288113
SN2008R.json,SN2008R,0.012887,10.384469791791155,0.15338681673989524,124.75226444379105,6.237613222189553,9.831811792680018,0.1629200144584114,46.24955735724988,2.3124778678624938
SN2003W.json,SN2003W,0.020071,,,,,,,,
SN2009cz.json,SN2009cz,0.0211,9.879244371155739,0.15379861572424736,65.63950959785784,3.281975479892892,9.04767842910962,0.16321368887289378,6.986827725668732,0.34934138628343664
SN2007ci.json,SN2007ci,0.018126,12.708122564628633,0.09502797708198127,120.27299858872138,6.0136499294360695,12.16588118743664,0.10094011012846146,54.312406760100686,2.7156203380050346
SN2006gr.json,SN2006gr,0.034601,19.698743379292118,0.09548588178628836,60.707168305252985,3.0353584152626496,,,,
ASASSN-14hu.json,ASASSN-14hu,0.015,,,,,,,,
SN2002fk.json,SN2002fk,0.007132,9.775761608812637,0.09238978954002057,65.04145796802874,3.252072898401437,6.458953627593888,0.09727691348587343,12.840849260678244,0.6420424630339122
SN2012aq.json,SN2012aq,0.05,10.754893847293538,0.10274090166798291,85.8327212392232,4.29163606196116,,,,
SN2009Y.json,SN2009Y,0.009316,19.19708066155587,0.140766844230991,115.79258775000034,5.7896293875000175,,,,
SN1998dm.json,SN1998dm,0.006541,11.918501309053196,0.16563451983621164,69.06449596056906,3.453224798028453,11.272795019492902,0.17588159397212597,11.857604192822578,0.5928802096411289
